Category,Location,Cost,Rate,Area,Facing,Status,Floor,Furnishing,Ownership,Bathroom,Owner_name
3 BHK Builder Floor for Sale,"Mianwali Nagar, New Delhi",2.8Cr,"@140,000/Sq",200,South-East,Ready to Move,2nd of 4 Floor,Fully Furnished,Freehold,3,Harpreet Singh (Agent)
3 BHK Builder Floor for Sale,"Mianwali Nagar, New Delhi",2.8Cr,"@140,000/Sq",200,South-East,Ready to Move,1st of 4 Floor,Fully Furnished,Freehold,3,Harpreet Singh (Agent)
4 BHK Builder Floor for Sale,"West End, New Delhi",16Cr,"@320,000/Sq",500,North-East,Under Construction,2nd of 4 Floor,Fully Furnished,Freehold,5,Anchit Sethi (Owner)
4 BHK Apartment / Flat for Sale,"Vasant Vihar, New Delhi",8Cr,"@200,000/Sq",400,East,Ready to Move,1st of 4 Floor,Semi Furnished,Freehold,5,Anchit Sethi (Owner)
3 BHK Builder Floor for Sale,"Shyam Vihar 1, New Delhi",25Lac,"@3,704/Sq",675,North-West,Ready to Move,1st of 4 Floor,Unfurnished,Power of Attorney,2,rakesh (Builder)
3 BHK Independent Floor for Sale,"Mayur Vihar 1, New Delhi",55Lac,"@6,111/Sq",900,North,Ready to Move,1st of 4 Floor,Semi Furnished,Power of Attorney,2,Rahul Sharma (Owner)
3 BHK Apartment / Flat for Sale,"GH 13 Paschim Vihar, New Delhi",1.7Cr,"@14,167/Sq",1200,South-East,Ready to Move,1st of 4 Floor,Semi Furnished,Freehold,2,Harpreet Singh (Admin)
2 BHK Apartment / Flat for Sale,"GH 13 Paschim Vihar, New Delhi",1.25Cr,"@10,417/Sq",1200,North-East,Ready to Move,1st of 4 Floor,Semi Furnished,Freehold,2,Rohit (Agent)
3 BHK Apartment / Flat for Sale,"Dwarka Sector 7, New Delhi",85Lac,"@6,538/Sq",1300,North,Under Construction,Ground of 3 Floor,Unfurnished,Co-Operative Society,2,Vipul Mehta (Builder)
3 BHK Apartment / Flat for Sale,"Karampura, New Delhi",1.78Cr,"@11,259/Sq",1581,North-East,Ready to Move,10th of 26 Floor,Semi Furnished,Freehold,2,krishna shukla (Agent)
2 BHK Apartment / Flat for Sale,"Okhla Phase 1, New Delhi",4.81Cr,"@21,531/Sq",2234,North-East,Under Construction,9th of 29 Floor,Semi Furnished,Freehold,2,krishna shukla (Agent)
2 BHK Apartment / Flat for Sale,"Chirag Delhi, New Delhi",45Lac,"@56,250/Sq",80,South,Ready to Move,1st of 4 Floor,Semi Furnished,Freehold,2,Asha Kadwal (Owner)
2 BHK Apartment / Flat for Sale,"Okhla Phase 1, New Delhi",4.82Cr,"@21,576/Sq",2234,North-East,Under Construction,9th of 29 Floor,Semi Furnished,Freehold,2,krishna shukla (Agent)
3 BHK Apartment / Flat for Sale,"New Friends Colony, New Delhi",3.5Cr,"@140,000/Sq",250,South-East,Ready to Move,Ground of 4 Floor,Semi Furnished,Freehold,3,Bhasin (Agent)
2 BHK Studio Apartment for Sale,"Paschim Vihar, New Delhi",1.2Cr,"@12,000/Sq",1000,East,Ready to Move,3rd of 4 Floor,Fully Furnished,Freehold,2,Harpreet singh (Agent)
3 BHK Builder Floor for Sale,"Inderpuri, New Delhi",1.8Cr,"@9,000/Sq",2000,West,Ready to Move,2nd of 2 Floor,Fully Furnished,Freehold,3,Reetika (Owner)
3 BHK Apartment / Flat for Sale,"Moti Nagar, New Delhi",1.78Cr,"@11,259/Sq",1581,North-East,Ready to Move,11th of 26 Floor,Semi Furnished,Freehold,3,krishna shukla (Agent)
2 BHK Apartment / Flat for Sale,"Paschim Vihar, New Delhi",1.2Cr,"@10,000/Sq",1200,South-East,Ready to Move,4th of 4 Floor,Semi Furnished,Freehold,2,Harpreet singh (Agent)
2 BHK Builder Floor for Sale,"Dwarka Mor, New Delhi",36Lac,"@4,000/Sq",900,West,Ready to Move,3rd of 4 Floor,Unfurnished,Power of Attorney,2,Shiv (Owner)
2 BHK Apartment / Flat for Sale,"Paschim Vihar, New Delhi",1.6Cr,"@13,333/Sq",1200,South-East,Ready to Move,1st of 4 Floor,Semi Furnished,Freehold,3,Harpreet singh (Agent)
2 BHK Apartment / Flat for Sale,"Moti Nagar, New Delhi",1.55Cr,"@11,175/Sq",1387,North-East,Ready to Move,14th of 26 Floor,Semi Furnished,Freehold,2,krishna shukla (Agent)
2 BHK Apartment / Flat for Sale,"Govindpuri Main, New Delhi",30Lac,"@3,333/Sq",900,East,Ready to Move,1st of 4 Floor,Semi Furnished,Freehold,2,Asha Kadwal (Owner)
4 BHK Independent Floor for Sale,"Shakti Nagar, New Delhi",3.5Cr,"@14,731/Sq",2376,North,Ready to Move,1st of 4 Floor,Semi Furnished,Freehold,3,PRAVEEN GUPTA (Owner)
3 BHK Builder Floor for Sale,"Greater Kailash 1, New Delhi",4.5Cr,"@216,346/Sq",208,East,Ready to Move,Ground of 4 Floor,Semi Furnished,Freehold,3,Jasmeet Singh Bhatia (Agent)
3 BHK Apartment / Flat for Sale,"Moti Nagar, New Delhi",1.78Cr,"@11,259/Sq",1581,North-East,Ready to Move,6th of 26 Floor,Unfurnished,Freehold,2,krishna shukla (Agent)
2 BHK Villa / House for Sale,"Rajokri, New Delhi",1.5Cr,"@120,000/Sq",125,South-West,Ready to Move,Ground of Ground Floor,Unfurnished,Power of Attorney,1,Dheeraj (Agent)
3 BHK Apartment / Flat for Sale,"Moti Nagar, New Delhi",1.88Cr,"@11,750/Sq",1600,North-East,Ready to Move,12th of 26 Floor,Semi Furnished,Freehold,2,krishna shukla (Agent)
2 BHK Apartment / Flat for Sale,"Okhla Phase 1, New Delhi",4.49Cr,"@20,098/Sq",2234,North-East,Under Construction,18th of 29 Floor,Semi Furnished,Freehold,2,krishna shukla (Agent)
3 BHK Apartment / Flat for Sale,"Okhla Phase 1, New Delhi",4.49Cr,"@20,098/Sq",2234,North-East,Under Construction,5th of 29 Floor,Semi Furnished,Freehold,2,krishna shukla (Agent)
2 BHK Apartment / Flat for Sale,"Moti Nagar, New Delhi",1.55Cr,"@11,175/Sq",1387,North-East,Ready to Move,14th of 26 Floor,Semi Furnished,Freehold,2,krishna shukla (Agent)
2 BHK Apartment / Flat for Sale,"Moti Nagar, New Delhi",1.55Cr,"@11,175/Sq",1387,North-East,Ready to Move,6th of 26 Floor,Semi Furnished,Freehold,2,krishna shukla (Agent)
2 BHK Apartment / Flat for Sale,"Moti Nagar, New Delhi",1.55Cr,"@11,175/Sq",1387,North-East,Ready to Move,3rd of 26 Floor,Semi Furnished,Freehold,2,krishna shukla (Agent)
3 BHK Apartment / Flat for Sale,"Delhi Cantonment, New Delhi",1.78Cr,"@11,259/Sq",1581,North-East,Ready to Move,8th of 26 Floor,Semi Furnished,Power of Attorney,2,krishna shukla (Agent)
2 BHK Apartment / Flat for Sale,"Moti Nagar, New Delhi",1.55Cr,"@11,175/Sq",1387,North-East,Ready to Move,13th of 26 Floor,Semi Furnished,Freehold,2,utkarsh (Agent)
2 BHK Apartment / Flat for Sale,"Keshav Puram, New Delhi",15Lac,"@3,000/Sq",500,North,Ready to Move,1st of 4 Floor,Semi Furnished,Power of Attorney,2,DG (Owner)
3 BHK Builder Floor for Sale,"Janakpuri, New Delhi",2.1Cr,"@15,556/Sq",1350,North,Ready to Move,4th of 4 Floor,Semi Furnished,Freehold,3,Harpreet singh (Agent)
3 BHK Builder Floor for Sale,"Janakpuri, New Delhi",2.75Cr,"@183,333/Sq",150,North,Under Construction,2nd of 4 Floor,Semi Furnished,Freehold,3,Harpreet singh (Agent)
3 BHK Builder Floor for Sale,"Janakpuri, New Delhi",2.25Cr,"@16,667/Sq",1350,North,Under Construction,Ground of 4 Floor,Fully Furnished,Freehold,3,Harpreet singh (Agent)
3 BHK Builder Floor for Sale,"Janakpuri Block C1, New Delhi",3.25Cr,"@18,056/Sq",1800,West,Ready to Move,1st of 3 Floor,Fully Furnished,Freehold,3,Harpreet Singh (Agent)
3 BHK Builder Floor for Sale,"Vikaspuri Block C, New Delhi",1.35Cr,"@10,000/Sq",1350,North,Ready to Move,2nd of 4 Floor,Semi Furnished,Freehold,3,Himanshu gupta (Agent)
2 BHK Villa / House for Sale,"Ashok Vihar Phase 1, New Delhi",7.5Cr,"@500,000/Sq",150,South-East,Ready to Move,Ground of Ground Floor,Unfurnished,Freehold,2,S K Bharti (Agent)
2 BHK Villa / House for Sale,"Chirag Delhi, New Delhi",32Lac,"@9,846/Sq",325,South,Ready to Move,Ground of 3 Floor,Fully Furnished,Power of Attorney,2,Asha Kadwal (Owner)
2 BHK Apartment / Flat for Sale,"Chirag Delhi, New Delhi",12Lac,"@30,000/Sq",40,South,Ready to Move,1st of 3 Floor,Semi Furnished,Power of Attorney,1,Asha Kadwal (Owner)
2 BHK Villa / House for Sale,"Chirag Delhi, New Delhi",32Lac,"@80,000/Sq",40,South,Ready to Move,Ground of 3 Floor,Fully Furnished,Power of Attorney,2,Asha Kadwal (Owner)
2 BHK Builder Floor for Sale,"Chirag Delhi, New Delhi",32Lac,"@48,485/Sq",66,South,Under Construction,4th of 4 Floor,Semi Furnished,Freehold,1,Asha Kadwal (Owner)
2 BHK Builder Floor for Sale,"Chirag Delhi, New Delhi",28Lac,"@42,424/Sq",66,South,Under Construction,3rd of 4 Floor,Semi Furnished,Freehold,1,Asha Kadwal (Owner)
2 BHK Builder Floor for Sale,"Chirag Delhi, New Delhi",28Lac,"@46,667/Sq",60,East,Ready to Move,2nd of 4 Floor,Semi Furnished,Freehold,1,Asha Kadwal (Owner)
3 BHK Builder Floor for Sale,"Sunder Vihar, New Delhi",3Cr,"@16,667/Sq",1800,North,Ready to Move,3rd of 4 Floor,Semi Furnished,Freehold,3,Harpreet singh (Agent)
4 BHK Villa / House for Sale,"Janakpuri, New Delhi",7Cr,"@38,889/Sq",1800,North,Ready to Move,Ground of 2 Floor,Semi Furnished,Freehold,4,Harpreet Singh (Agent)
3 BHK Builder Floor for Sale,"Janakpuri, New Delhi",2.75Cr,"@15,278/Sq",1800,North,Ready to Move,3rd of 4 Floor,Fully Furnished,Freehold,3,Harpreet singh (Agent)
2 BHK Apartment / Flat for Sale,"Paschim Vihar, New Delhi",1.35Cr,"@11,250/Sq",1200,South-East,Ready to Move,1st of 4 Floor,Unfurnished,Freehold,2,Harpreet singh (Agent)
3 BHK Apartment / Flat for Sale,"Gurgaon Faridabad Road, New Delhi",85Lac,"@5,667/Sq",1500,North-East,Ready to Move,2nd of 10 Floor,Semi Furnished,Freehold,3,Harsh Khatter (Agent)
3 BHK Builder Floor for Sale,"Uttam Nagar West, New Delhi",45Lac,"@4,500/Sq",1000,South,Ready to Move,1st of 4 Floor,Semi Furnished,Freehold,2,Rajesh Kumar (Agent)
3 BHK Studio Apartment for Sale,"Paschim Vihar, New Delhi",45Lac,"@9,000/Sq",500,East,Ready to Move,1st of 1 Floor,Unfurnished,Freehold,3,Harpreet singh (Agent)
3 BHK Apartment / Flat for Sale,"Dwarka Sector 3, New Delhi",1.33Cr,"@7,000/Sq",1900,East,Ready to Move,5th of 9 Floor,Semi Furnished,Freehold,3,shruti bansal (Agent)
3 BHK Apartment / Flat for Sale,"Dwarka, New Delhi",1.44Cr,"@9,290/Sq",1550,East,Ready to Move,3rd of 10 Floor,Semi Furnished,Freehold,3,shruti bansal (Agent)
4 BHK Apartment / Flat for Sale,"Dwarka, New Delhi",2.5Cr,"@10,870/Sq",2300,North-East,Ready to Move,4th of 5 Floor,Semi Furnished,Freehold,3,Sandeep Bansal (Agent)
2 BHK Villa / House for Sale,"Ravi Nagar, New Delhi",65Lac,"@260,000/Sq",25,West,Under Construction,1st of 2 Floor,Unfurnished,Freehold,1,Sandeep Singh (Owner)
3 BHK Apartment / Flat for Sale,"Dwarka, New Delhi",41.5Lac,"@4,150/Sq",1000,West,Under Construction,2nd of 16 Floor,Semi Furnished,Co-Operative Society,3,Rajesh Sinha (Agent)
2 BHK Apartment / Flat for Sale,"Dwarka Sector 12, New Delhi",1.15Cr,"@10,455/Sq",1100,East,Ready to Move,3rd of 10 Floor,Unfurnished,Freehold,2,Deepak Handa (Agent)
2 BHK Apartment / Flat for Sale,"Connaught Place, New Delhi",4Cr,"@27,586/Sq",1450,North-East,Ready to Move,4th of 10 Floor,Unfurnished,Leasehold,3,Raghwendra (Agent)
2 BHK Independent Floor for Sale,"Tagore Garden, New Delhi",50Lac,"@6,250/Sq",800,South,Ready to Move,2nd of 4 Floor,Unfurnished,Power of Attorney,1,Vikram Sharma (Agent)
2 BHK Builder Floor for Sale,"Bhagwati Garden, New Delhi",27Lac,"@6,000/Sq",450,North-East,Ready to Move,1st of 4 Floor,Semi Furnished,Freehold,2,Shjmdbuilders (Builder)
2 BHK Builder Floor for Sale,"Rama Park, New Delhi",27Lac,"@6,000/Sq",450,North-East,Ready to Move,1st of 4 Floor,Semi Furnished,Freehold,2,Shjmdbuilders (Builder)
2 BHK Builder Floor for Sale,"Bhagwati Garden, New Delhi",30Lac,"@5,128/Sq",585,North,Ready to Move,1st of 4 Floor,Semi Furnished,Freehold,2,Shjmdbuilders (Builder)
3 BHK Builder Floor for Sale,"Sunder Vihar, New Delhi",2.5Cr,"@125,000/Sq",200,South,Ready to Move,1st of 4 Floor,Semi Furnished,Freehold,3,Vibhor kumar (Agent)
2 BHK Builder Floor for Sale,"Uttam Nagar West, New Delhi",30Lac,"@5,556/Sq",540,North,Ready to Move,2nd of 4 Floor,Semi Furnished,Freehold,2,Shjmdbuilders (Builder)
2 BHK Builder Floor for Sale,"Nawada, New Delhi",32Lac,"@5,926/Sq",540,North-East,Ready to Move,2nd of 4 Floor,Semi Furnished,Freehold,2,Shjmdbuilders (Builder)
2 BHK Builder Floor for Sale,"Rama Park, New Delhi",31Lac,"@5,741/Sq",540,North-East,Ready to Move,2nd of 4 Floor,Semi Furnished,Freehold,2,Shjmdbuilders (Builder)
2 BHK Builder Floor for Sale,"Dwarka Mor, New Delhi",25Lac,"@5,241/Sq",477,North-East,Ready to Move,2nd of 4 Floor,Semi Furnished,Freehold,2,Shjmdbuilders (Builder)
2 BHK Apartment / Flat for Sale,"Paschim Vihar, New Delhi",85Lac,"@11,333/Sq",750,East,Ready to Move,2nd of 4 Floor,Semi Furnished,Freehold,2,Vibhor kumar (Agent)
2 BHK Builder Floor for Sale,"Dwarka Mor, New Delhi",31Lac,"@5,741/Sq",540,North-East,Ready to Move,2nd of 4 Floor,Semi Furnished,Freehold,2,Shjmdbuilders (Builder)
2 BHK Builder Floor for Sale,"Dwarka Mor, New Delhi",31Lac,"@5,741/Sq",540,North-East,Ready to Move,3rd of 4 Floor,Semi Furnished,Freehold,2,Shjmdbuilders (Builder)
2 BHK Studio Apartment for Sale,"Paschim Vihar, New Delhi",1.55Cr,"@15,500/Sq",1000,East,Ready to Move,2nd of 4 Floor,Unfurnished,Freehold,2,Harpreet singh (Agent)
4 BHK Builder Floor for Sale,"Vasant Vihar, New Delhi",17.46Cr,"@41,572/Sq",4200,North,Under Construction,Ground of 4 Floor,Unfurnished,Freehold,5,Tarun Mahajan (Agent)
3 BHK Builder Floor for Sale,"Janakpuri Block A3, New Delhi",2.5Cr,"@151,515/Sq",165,East,Under Construction,3rd of 4 Floor,Semi Furnished,Freehold,3,Tarun Mahajan (Agent)
4 BHK Builder Floor for Sale,"Guru Harikishan Nagar, New Delhi",3.3Cr,"@13,200/Sq",2500,West,Ready to Move,4th of 4 Floor,Semi Furnished,Freehold,3,Tarun Mahajan (Agent)
3 BHK Builder Floor for Sale,"Paschim Vihar Block B2, New Delhi",1.7Cr,"@15,455/Sq",1100,South-East,Under Construction,2nd of 4 Floor,Unfurnished,Freehold,3,Tarun Mahajan (Agent)
4 BHK Builder Floor for Sale,"Sunder Vihar, New Delhi",3.25Cr,"@126,953/Sq",256,West,Ready to Move,Ground of 4 Floor,Unfurnished,Freehold,4,Tarun Mahajan (Agent)
4 BHK Builder Floor for Sale,"Punjabi Bagh West, New Delhi",4.55Cr,"@20,682/Sq",2200,West,Under Construction,3rd of 4 Floor,Unfurnished,Freehold,4,Tarun Mahajan (Agent)
3 BHK Builder Floor for Sale,"Punjabi Bagh, New Delhi",30.5Lac,"@1,694/Sq",1800,East,Under Construction,3rd of 4 Floor,Semi Furnished,Freehold,3,Tarun Mahajan (Agent)
3 BHK Apartment / Flat for Sale,"Dwarka Sector 7, New Delhi",1.75Cr,"@9,284/Sq",1885,North-East,Ready to Move,2nd of 8 Floor,Semi Furnished,Freehold,2,pramod gupta (Agent)
3 BHK Builder Floor for Sale,"Model Town, New Delhi",On,Request,170,North,Under Construction,Ground of 4 Floor,Semi Furnished,Freehold,3,Srijan Dwivedi (Agent)
2 BHK Builder Floor for Sale,"Mohan Garden, New Delhi",30Lac,"@5,556/Sq",540,North,Ready to Move,1st of 4 Floor,Semi Furnished,Freehold,2,Mega Estate (Agent)
3 BHK Apartment / Flat for Sale,"Karol Bagh, New Delhi",2.75Cr,"@14,474/Sq",1900,North,Under Construction,1st of 11 Floor,Semi Furnished,Freehold,3,Mega Estate (Agent)
3 BHK Apartment / Flat for Sale,"Karol Bagh, New Delhi",2.55Cr,"@14,366/Sq",1775,North,Under Construction,5th of 11 Floor,Semi Furnished,Freehold,3,Mega Estate (Agent)
3 BHK Builder Floor for Sale,"Uttam Nagar, New Delhi",42Lac,"@5,250/Sq",800,East,Ready to Move,1st of 4 Floor,Semi Furnished,Freehold,2,Aakash Baluja (Agent)
2 BHK Builder Floor for Sale,"Uttam Nagar, New Delhi",26Lac,"@4,333/Sq",600,North,Ready to Move,1st of 4 Floor,Semi Furnished,Freehold,2,Aakash Baluja (Agent)
4 BHK Villa / House for Sale,"Nizamuddin East, New Delhi",On,Request,200,East,Ready to Move,Ground of 2 Floor,Unfurnished,Freehold,4,Amrit (Agent)
4 BHK Villa / House for Sale,"Yamuna Vihar, New Delhi",1.6Cr,"@200,000/Sq",80,North-East,Ready to Move,Ground of 1 Floor,Semi Furnished,Freehold,3,Abhishek Jha (Owner)
2 BHK Builder Floor for Sale,"Bhagwati Garden Extension, New Delhi",18Lac,"@35,294/Sq",51,East,Ready to Move,2nd of 4 Floor,Unfurnished,Power of Attorney,1,Abhishek Jha (Owner)
2 BHK Apartment / Flat for Sale,"Dwarka Mor, New Delhi",85Lac,"@136,568/Sq",62.24,East,Ready to Move,Ground of 1 Floor,Fully Furnished,Freehold,2,Abhishek Jha (Owner)
3 BHK Apartment / Flat for Sale,"Dwarka Sector 10, New Delhi",1.25Cr,"@8,532/Sq",1465,North-East,Ready to Move,3rd of 3 Floor,Semi Furnished,Freehold,3,mandeep luthra (Agent)
2 BHK Builder Floor for Sale,"Tughlakabad Extension, New Delhi",3Lac,"@5,000/Sq",60,North,Ready to Move,3rd of 4 Floor,Semi Furnished,Freehold,2,Abhishek Jha (Owner)
2 BHK Builder Floor for Sale,"Uttam Nagar East, New Delhi",18Lac,"@3,396/Sq",530,North,Under Construction,1st of 4 Floor,Semi Furnished,Freehold,1,Tarun Mahajan (Agent)
4 BHK Builder Floor for Sale,"Janakpuri Block A1, New Delhi",4.75Cr,"@146,154/Sq",325,West,Under Construction,Ground of 4 Floor,Semi Furnished,Freehold,2,Tarun Mahajan (Agent)
2 BHK Builder Floor for Sale,"Uttam Nagar West, New Delhi",32Lac,"@4,923/Sq",650,North-East,Ready to Move,3rd of 4 Floor,Semi Furnished,Freehold,2,Tarun Mahajan (Agent)
2 BHK Builder Floor for Sale,"Uttam Nagar West, New Delhi",22Lac,"@3,667/Sq",600,North,Ready to Move,1st of 4 Floor,Semi Furnished,Freehold,1,Tarun Mahajan (Agent)
3 BHK Apartment / Flat for Sale,"Commonwealth Games Village 2010, New Delhi",3.55Cr,"@19,189/Sq",1850,North-East,Ready to Move,4th of 6 Floor,Semi Furnished,Freehold,3,Tarun Mahajan (Agent)
2 BHK Apartment / Flat for Sale,"Paschim Vihar, New Delhi",1.45Cr,"@12,083/Sq",1200,North,Ready to Move,Ground of 4 Floor,Unfurnished,Freehold,2,Harpreet singh (Agent)
2 BHK Studio Apartment for Sale,"Paschim Vihar, New Delhi",95Lac,"@7,917/Sq",1200,East,Ready to Move,3rd of 3 Floor,Semi Furnished,Freehold,2,Harpreet singh (Agent)
3 BHK Apartment / Flat for Sale,"Paschim Vihar, New Delhi",1.2Cr,"@9,600/Sq",1250,North-East,Ready to Move,4th of 4 Floor,Unfurnished,Freehold,3,Harpreet singh (Agent)
4 BHK Apartment / Flat for Sale,"Paschim Vihar, New Delhi",1.2Cr,"@9,600/Sq",1250,North-East,Ready to Move,4th of 4 Floor,Unfurnished,Freehold,3,Tarun Mahajan (Agent)
3 BHK Builder Floor for Sale,"Bhera Enclave, New Delhi",3Cr,"@18,750/Sq",1600,East,Ready to Move,4th of 4 Floor,Semi Furnished,Freehold,3,Harpreet singh (Agent)
